{"loss": [NaN, NaN, NaN, NaN, 0.8205385860451992, 0.6955013861537308, 0.4067933081185539, 0.7255874761388081], "conv2d_3_loss": [NaN, NaN, NaN, NaN, 0.0, 0.0, 0.0, 0.0], "mean_eps": [NaN, NaN, NaN, NaN, 0.9507249999999998, 0.9411399999999995, 0.9304299999999988, 0.9197199999999996], "episode_reward": [1.0, 0.0, 0.0, 1.0, 2.0, 1.0, 0.0, 0.0], "nb_episode_steps": [238, 238, 238, 238, 238, 238, 238, 238], "nb_steps": [238, 476, 714, 952, 1190, 1428, 1666, 1904], "episode": [0, 1, 2, 3, 4, 5, 6, 7], "duration": [3.064000158003182, 2.8126855549999163, 2.7720204900033423, 2.798410719995445, 3.9046067419985775, 3.8369299880068866, 3.7720442349964287, 3.753537046999554]}